administration,type_requete,nb_agents,requetes_par_agent,nb_requetes_total,pue,intensite_carbone,emissions_kg_co2e,emissions_g_par_requete
DREAL,image,911,25,22775,1.18,29.7,11.23,0.49308452250274426
DGFiP,texte_complexe,106,7,742,1.11,54.1,0.11,0.14824797843665768
Justice,raisonnement,3617,53,191701,1.36,37.0,278.27,1.4515834554853653
ANCT,texte_simple,140,51,7140,1.41,36.5,0.12,0.01680672268907563
Justice,texte_complexe,484,25,12100,1.33,25.4,0.97,0.08016528925619834
Bercy,raisonnement,163,57,9291,1.22,32.2,9.98,1.0741577871058012
Justice,texte_simple,181,40,7240,1.19,47.7,0.16,0.022099447513812154
Ministère Europe et Affaires étrangères,texte_complexe,55,67,3685,1.52,38.5,0.55,0.14925373134328357
France Travail,image,1221,76,92796,1.39,40.6,79.9,0.86102849260744
Ministère Europe et Affaires étrangères,texte_simple,43,57,2451,1.39,54.0,0.06,0.02447980416156671
Justice,texte_complexe,655,69,45195,1.11,37.7,4.55,0.10067485341298817
Bercy,texte_simple,1894,37,70078,1.4,52.8,2.26,0.03224977881788864
France Travail,texte_simple,663,38,25194,1.15,36.1,0.46,0.018258315471937764
Ministère Europe et Affaires étrangères,texte_simple,1364,39,53196,1.34,28.6,0.93,0.017482517482517484
Ministère Europe et Affaires étrangères,image,99,18,1782,1.35,40.7,1.59,0.8922558922558923
DREAL,texte_simple,50,56,2800,1.38,45.9,0.07,0.025
France Services,texte_simple,3702,40,148080,1.57,43.0,3.79,0.025594273365748245
DGFiP,texte_simple,1592,32,50944,1.21,37.5,0.95,0.01864792713567839
Ministère Europe et Affaires étrangères,texte_complexe,140,31,4340,1.31,49.5,0.68,0.15668202764976957
Bercy,texte_simple,488,66,32208,1.21,28.6,0.39,0.012108792846497764
Justice,texte_simple,195,56,10920,1.28,54.2,0.28,0.02564102564102564
Justice,texte_simple,2059,60,123540,1.12,43.3,2.64,0.021369596891694997
France Travail,texte_complexe,357,5,1785,1.22,29.3,0.16,0.0896358543417367
Justice,texte_complexe,10281,59,606579,1.48,32.1,80.91,0.13338740708135297
DREAL,image,688,15,10320,1.51,49.0,11.42,1.1065891472868217
Bercy,texte_simple,5218,23,120014,1.46,49.3,3.76,0.03132967820420951
Justice,texte_complexe,901,43,38743,1.57,29.1,4.02,0.10376067934852747
Justice,texte_complexe,549,46,25254,1.23,44.8,2.98,0.11800110873524987
France Travail,raisonnement,31,5,155,1.15,51.9,0.23,1.4838709677419355
France Services,image,163,23,3749,1.46,51.9,3.9,1.0402774073086156
ANCT,texte_complexe,1452,29,42108,1.1,29.8,4.07,0.09665621734587253
France Travail,texte_complexe,505,37,18685,1.11,39.8,2.06,0.11024886272411025
ANCT,texte_complexe,1711,21,35931,1.25,41.3,4.83,0.13442431326709525
DGFiP,texte_simple,106,42,4452,1.59,39.6,0.1,0.022461814914645103
ANCT,texte_complexe,411,32,13152,1.43,50.9,2.74,0.20833333333333334
Justice,texte_complexe,80,34,2720,1.58,52.4,0.59,0.21691176470588236
DGFiP,texte_complexe,333,50,16650,1.58,53.9,3.66,0.21981981981981982
Bercy,texte_simple,97,37,3589,1.26,30.1,0.05,0.013931457230426303
Bercy,texte_simple,72,31,2232,1.25,34.7,0.05,0.022401433691756272
ANCT,texte_complexe,95,46,4370,1.5,49.3,0.92,0.21052631578947367
Bercy,texte_complexe,68,12,816,1.45,48.9,0.15,0.18382352941176472
Justice,image,446,36,16056,1.39,26.1,8.38,0.5219232685600399
Bercy,texte_simple,217,46,9982,1.51,35.8,0.23,0.02304147465437788
Justice,texte_simple,179,9,1611,1.33,50.3,0.04,0.024829298572315334
ANCT,texte_complexe,10055,56,563080,1.17,54.1,94.75,0.16827093841017263
France Travail,texte_simple,149,62,9238,1.14,25.8,0.12,0.012989824637367395
France Services,texte_simple,5836,5,29180,1.19,29.7,0.38,0.013022618231665525
France Travail,texte_simple,531,65,34515,1.47,41.6,0.89,0.025785890192669855
Ministère Europe et Affaires étrangères,texte_complexe,459,55,25245,1.48,25.4,2.23,0.08833432362844128
Ministère Europe et Affaires étrangères,texte_simple,264,66,17424,1.45,39.2,0.38,0.021808999081726354
France Travail,image,176,27,4752,1.12,53.5,4.74,0.9974747474747475
Justice,texte_simple,3504,62,217248,1.35,41.2,4.14,0.01905656208572691
France Services,texte_simple,543,36,19548,1.57,42.3,0.49,0.025066502967055454
France Travail,texte_complexe,567,47,26649,1.57,36.6,3.73,0.1399677286202109
Bercy,texte_complexe,147,16,2352,1.15,25.5,0.16,0.06802721088435375
DGFiP,texte_complexe,2553,30,76590,1.44,35.2,8.46,0.11045828437132785
DGFiP,texte_simple,689,79,54431,1.54,47.1,1.47,0.02700666899377193
France Services,raisonnement,14,28,392,1.5,54.7,0.91,2.3214285714285716
ANCT,texte_simple,844,27,22788,1.57,50.8,0.62,0.027207302088818677
Bercy,texte_complexe,110,34,3740,1.55,40.2,0.63,0.16844919786096257
ANCT,texte_simple,166,16,2656,1.58,50.4,0.08,0.030120481927710843
Bercy,texte_simple,7104,73,518592,1.25,34.9,10.01,0.019302264593360485
DGFiP,texte_simple,6127,13,79651,1.48,43.5,2.13,0.02674166049390466
France Services,image,46,13,598,1.51,46.2,0.61,1.020066889632107
France Services,texte_complexe,787,69,54303,1.54,32.1,5.73,0.10551903209767416
DREAL,raisonnement,148,35,5180,1.34,36.3,7.16,1.3822393822393821
DREAL,texte_complexe,256,62,15872,1.47,48.0,2.8,0.17641129032258066
DREAL,texte_complexe,879,66,58014,1.3,39.3,8.55,0.147378219050574
Bercy,image,564,40,22560,1.38,54.1,25.29,1.1210106382978724
France Travail,texte_simple,140,5,700,1.41,42.5,0.02,0.02857142857142857
ANCT,texte_complexe,325,28,9100,1.41,33.3,1.01,0.11098901098901098
Justice,texte_complexe,53,32,1696,1.14,54.2,0.25,0.1474056603773585
ANCT,texte_complexe,5386,33,177738,1.17,27.3,12.07,0.06790894462636014
Ministère Europe et Affaires étrangères,raisonnement,1227,70,85890,1.14,51.3,144.12,1.6779601816276632
DGFiP,texte_simple,361,69,24909,1.34,54.6,0.71,0.028503753663334536
DGFiP,texte_complexe,672,31,20832,1.38,26.9,1.91,0.09168586789554531
Bercy,texte_complexe,342,10,3420,1.45,41.0,0.51,0.14912280701754385
France Services,raisonnement,3921,41,160761,1.48,36.3,222.67,1.385099619932695
France Services,texte_complexe,51,36,1836,1.12,33.1,0.18,0.09803921568627451
DREAL,texte_complexe,4132,54,223128,1.53,41.6,35.91,0.16093901258470475
France Services,texte_simple,750,51,38250,1.31,48.5,1.1,0.02875816993464052
Ministère Europe et Affaires étrangères,texte_complexe,210,42,8820,1.4,44.1,1.31,0.14852607709750568
DREAL,texte_complexe,269,42,11298,1.33,52.3,2.1,0.18587360594795538
Ministère Europe et Affaires étrangères,texte_complexe,31,73,2263,1.59,39.8,0.36,0.1590808661069377
France Services,texte_simple,26,27,702,1.16,29.6,0.01,0.014245014245014245
Ministère Europe et Affaires étrangères,texte_complexe,934,29,27086,1.55,39.2,3.74,0.13807871224987078
France Services,raisonnement,52,25,1300,1.18,33.4,1.34,1.0307692307692307
France Services,texte_simple,5036,16,80576,1.2,35.9,1.72,0.021346306592533757
Ministère Europe et Affaires étrangères,texte_simple,157,51,8007,1.41,27.5,0.12,0.014986886474334956
Ministère Europe et Affaires étrangères,texte_simple,526,51,26826,1.29,39.5,0.55,0.020502497576977557
France Travail,image,5831,30,174930,1.12,32.6,98.23,0.5615389012747957
DREAL,texte_complexe,818,22,17996,1.32,41.0,2.59,0.14392087130473438
DREAL,texte_simple,126,43,5418,1.26,31.3,0.1,0.01845699520118125
France Travail,texte_complexe,140,29,4060,1.44,48.7,0.63,0.15517241379310345
France Services,texte_complexe,4205,12,50460,1.39,41.9,7.76,0.15378517637732858
France Travail,texte_simple,3273,63,206199,1.28,54.6,5.01,0.024296917055853812
France Services,raisonnement,296,79,23384,1.14,49.2,25.32,1.0827916524119057
ANCT,image,433,44,19052,1.45,54.9,20.86,1.0948981734201133
Ministère Europe et Affaires étrangères,texte_simple,169,55,9295,1.51,46.6,0.28,0.03012372243141474
DGFiP,texte_complexe,1635,74,120990,1.58,46.3,20.44,0.16893958178361848
Justice,texte_complexe,202,18,3636,1.24,42.4,0.47,0.12926292629262925
DGFiP,raisonnement,1514,10,15140,1.27,29.0,11.59,0.7655217965653897
DREAL,texte_complexe,1032,69,71208,1.17,25.1,4.7,0.06600381979552859
Bercy,texte_complexe,10,53,530,1.53,47.4,0.09,0.16981132075471697
France Travail,texte_simple,520,39,20280,1.56,46.6,0.6,0.029585798816568046
Justice,image,669,18,12042,1.5,49.8,12.93,1.073741903338316
France Services,image,623,8,4984,1.26,42.6,4.84,0.971107544141252
France Travail,image,18,55,990,1.41,41.2,0.77,0.7777777777777778
DREAL,texte_complexe,658,70,46060,1.37,52.2,8.05,0.17477203647416414
DGFiP,texte_complexe,24,55,1320,1.27,29.2,0.11,0.08333333333333333
DREAL,image,5212,31,161572,1.49,29.6,106.54,0.6593964300745179
Bercy,texte_complexe,191,72,13752,1.38,47.9,2.36,0.17161140197789412
DGFiP,image,459,51,23409,1.52,28.8,13.91,0.5942158998675723
ANCT,texte_complexe,87,72,6264,1.46,46.6,1.39,0.2219029374201788
DREAL,texte_complexe,5214,31,161634,1.27,30.4,16.41,0.10152566910427262
France Travail,texte_simple,219,50,10950,1.41,52.4,0.27,0.024657534246575342
ANCT,texte_complexe,297,64,19008,1.4,28.1,1.88,0.0989057239057239
ANCT,texte_complexe,558,35,19530,1.4,37.7,2.69,0.13773681515617
France Services,texte_simple,246,40,9840,1.16,52.6,0.23,0.023373983739837397
DREAL,texte_simple,903,51,46053,1.13,35.1,0.63,0.013679890560875513
Justice,image,102,29,2958,1.53,52.7,3.67,1.2407031778228532
DREAL,texte_simple,243,47,11421,1.12,52.4,0.32,0.028018562297522108
Ministère Europe et Affaires étrangères,texte_simple,10,37,370,1.28,42.4,0.01,0.02702702702702703
Ministère Europe et Affaires étrangères,texte_simple,453,53,24009,1.38,50.8,0.57,0.02374109708859178
DREAL,raisonnement,19149,17,325533,1.3,37.8,402.29,1.2357886911618792
ANCT,image,170,49,8330,1.29,50.1,7.64,0.9171668667466987
DGFiP,texte_simple,275,70,19250,1.37,39.4,0.48,0.024935064935064935
Ministère Europe et Affaires étrangères,texte_complexe,241,33,7953,1.14,47.6,1.04,0.13076826354834653
France Travail,texte_simple,76,59,4484,1.18,46.5,0.12,0.026761819803746655
France Services,texte_complexe,35,63,2205,1.35,42.9,0.33,0.14965986394557823
Bercy,image,854,12,10248,1.15,32.3,5.11,0.49863387978142076
Ministère Europe et Affaires étrangères,texte_complexe,31,11,341,1.42,47.1,0.05,0.1466275659824047
France Services,texte_simple,657,64,42048,1.45,52.3,1.12,0.02663622526636225
France Services,texte_simple,140,16,2240,1.52,35.4,0.04,0.017857142857142856
ANCT,texte_complexe,29,28,812,1.16,42.0,0.09,0.11083743842364532
DGFiP,image,243,18,4374,1.47,46.0,5.04,1.1522633744855968
Bercy,texte_simple,521,8,4168,1.17,52.0,0.1,0.02399232245681382
France Travail,texte_simple,541,42,22722,1.13,37.2,0.34,0.01496347152539389
Ministère Europe et Affaires étrangères,image,592,16,9472,1.42,39.8,8.82,0.9311655405405406
France Travail,raisonnement,25,50,1250,1.12,30.0,0.92,0.736
DGFiP,texte_simple,503,33,16599,1.29,33.7,0.28,0.016868486053376708
ANCT,raisonnement,1238,58,71804,1.34,44.9,124.21,1.7298479193359702
Ministère Europe et Affaires étrangères,texte_simple,29,24,696,1.18,50.2,0.02,0.028735632183908046
Bercy,texte_complexe,31,30,930,1.34,35.3,0.12,0.12903225806451613
ANCT,texte_complexe,7805,46,359030,1.33,27.3,32.44,0.09035456647076845
France Travail,image,78,16,1248,1.28,27.7,0.72,0.5769230769230769
DGFiP,raisonnement,1091,51,55641,1.14,53.7,93.76,1.6850883341420895
DGFiP,texte_complexe,934,74,69116,1.59,52.1,15.86,0.22946929799178192
Justice,texte_simple,1377,18,24786,1.16,46.9,0.55,0.022189945937222625
DGFiP,raisonnement,2194,43,94342,1.33,40.7,126.64,1.342350172775646
DREAL,texte_simple,49,64,3136,1.34,51.5,0.09,0.028698979591836735
DGFiP,texte_simple,272,19,5168,1.5,41.2,0.13,0.025154798761609906
Ministère Europe et Affaires étrangères,texte_simple,1482,46,68172,1.54,37.5,1.61,0.023616734143049933
DGFiP,image,1176,43,50568,1.1,26.6,22.29,0.4407925961082107
Bercy,texte_complexe,12687,60,761220,1.24,36.9,83.92,0.11024408186857938
Ministère Europe et Affaires étrangères,texte_complexe,4312,53,228536,1.16,35.6,22.36,0.09784016522560997
Ministère Europe et Affaires étrangères,image,1097,52,57044,1.11,54.6,60.23,1.0558516233083235
Bercy,texte_simple,96,63,6048,1.57,48.6,0.18,0.02976190476190476
DGFiP,texte_complexe,1404,29,40716,1.47,26.9,4.11,0.1009431181844975
ANCT,raisonnement,2323,78,181194,1.12,36.5,215.2,1.1876772961577093
Bercy,texte_simple,155,9,1395,1.41,31.5,0.02,0.014336917562724014
Bercy,raisonnement,3397,66,224202,1.6,51.9,438.88,1.9575204503082042
DGFiP,texte_simple,546,77,42042,1.55,50.8,1.12,0.02664002664002664
DGFiP,image,160,13,2080,1.12,50.6,1.7,0.8173076923076923
France Travail,image,1083,63,68229,1.24,32.6,49.69,0.7282826950416978
Ministère Europe et Affaires étrangères,texte_simple,383,74,28342,1.58,28.3,0.6,0.021169995060334484
Justice,texte_simple,393,66,25938,1.4,49.7,0.81,0.031228313671061762
ANCT,texte_complexe,2112,37,78144,1.54,48.9,14.91,0.19080159705159705
ANCT,texte_simple,270,17,4590,1.52,45.9,0.13,0.02832244008714597
France Travail,texte_simple,100,9,900,1.54,51.2,0.03,0.03333333333333333
DGFiP,image,569,6,3414,1.52,40.2,3.08,0.9021675454012889
DREAL,texte_simple,277,21,5817,1.16,36.3,0.09,0.015471892728210418
ANCT,texte_complexe,254,34,8636,1.11,38.0,0.93,0.10768874478925429
France Travail,texte_simple,1004,26,26104,1.57,45.6,0.76,0.02911431198283788
France Travail,raisonnement,841,21,17661,1.39,35.4,20.42,1.1562199195968519
France Travail,texte_simple,167,56,9352,1.48,25.7,0.17,0.01817792985457656
DGFiP,image,2219,79,175301,1.44,38.4,138.76,0.7915528148727047
Ministère Europe et Affaires étrangères,texte_complexe,461,33,15213,1.45,31.6,1.94,0.1275225136396503
France Travail,image,195,71,13845,1.58,29.5,9.34,0.6746117732033226
Justice,texte_complexe,25,62,1550,1.55,31.9,0.18,0.11612903225806452
France Services,texte_simple,738,22,16236,1.53,39.2,0.42,0.025868440502586843
ANCT,texte_simple,317,54,17118,1.48,43.8,0.39,0.02278303540133193
ANCT,texte_simple,316,75,23700,1.16,45.6,0.43,0.018143459915611813
Justice,texte_complexe,170,6,1020,1.5,34.3,0.12,0.11764705882352941
France Services,texte_simple,7663,42,321846,1.25,45.8,7.09,0.022029169230004413
Bercy,raisonnement,594,55,32670,1.15,32.3,31.76,0.9721456994184267
Bercy,texte_complexe,395,24,9480,1.27,48.3,1.39,0.14662447257383968
France Travail,texte_simple,108,34,3672,1.12,27.4,0.05,0.013616557734204794
Ministère Europe et Affaires étrangères,texte_simple,1601,48,76848,1.15,44.1,1.65,0.02147095565271705
DGFiP,image,5179,36,186444,1.25,53.1,211.31,1.13336980541074
ANCT,texte_complexe,169,11,1859,1.43,41.6,0.31,0.16675632060247444
Ministère Europe et Affaires étrangères,image,9071,45,408195,1.18,38.2,256.98,0.6295520523279315
France Travail,texte_simple,151,49,7399,1.41,34.9,0.14,0.01892147587511826
Ministère Europe et Affaires étrangères,texte_simple,883,59,52097,1.12,29.9,0.66,0.01266867573948596
Ministère Europe et Affaires étrangères,texte_complexe,427,78,33306,1.3,31.6,3.46,0.10388518585239896
Ministère Europe et Affaires étrangères,texte_simple,274,35,9590,1.31,50.4,0.21,0.021897810218978103
France Services,texte_simple,38,70,2660,1.4,48.8,0.08,0.03007518796992481
DREAL,texte_simple,1340,16,21440,1.29,39.0,0.44,0.020522388059701493
France Services,texte_complexe,736,46,33856,1.22,54.1,5.21,0.15388705103969755
DREAL,texte_complexe,343,64,21952,1.3,42.8,2.83,0.128917638483965
DREAL,texte_simple,71,32,2272,1.23,44.7,0.05,0.022007042253521125
DREAL,texte_complexe,35,27,945,1.33,32.1,0.12,0.12698412698412698
DGFiP,texte_complexe,166,5,830,1.32,42.6,0.1,0.12048192771084337
Justice,texte_complexe,239,41,9799,1.28,41.0,1.24,0.12654352484947443
Bercy,image,695,10,6950,1.2,28.4,4.01,0.576978417266187
France Travail,raisonnement,249,30,7470,1.12,28.7,5.73,0.7670682730923695
Ministère Europe et Affaires étrangères,texte_simple,5290,24,126960,1.59,54.0,4.7,0.037019533711405164
DGFiP,texte_simple,39,47,1833,1.34,45.0,0.04,0.02182214948172395
Justice,texte_simple,443,12,5316,1.58,27.8,0.09,0.016930022573363433
ANCT,texte_simple,1349,47,63403,1.44,39.9,1.28,0.020188319164708295
Bercy,image,706,76,53656,1.5,52.6,66.72,1.2434769643655883
Bercy,texte_simple,78,73,5694,1.39,35.5,0.13,0.0228310502283105
France Travail,raisonnement,1822,77,140294,1.15,33.7,132.5,0.9444452364320641
DGFiP,image,32,23,736,1.5,47.9,0.72,0.9782608695652174
Bercy,texte_simple,249,58,14442,1.42,34.9,0.32,0.02215759590084476
Bercy,texte_simple,4410,64,282240,1.37,42.9,6.08,0.021541950113378686
ANCT,texte_simple,4736,78,369408,1.48,40.0,9.63,0.026068737006237006
France Services,image,10,30,300,1.15,29.5,0.18,0.6
ANCT,texte_complexe,13265,52,689780,1.37,47.4,120.1,0.17411348545913188
Justice,raisonnement,276,79,21804,1.29,30.9,22.58,1.0355898000366905
France Services,texte_simple,383,56,21448,1.44,52.9,0.59,0.027508392390898917
Justice,texte_complexe,1599,22,35178,1.3,54.3,5.23,0.14867246574563647
France Travail,texte_simple,920,78,71760,1.5,30.5,1.18,0.01644370122630992
DREAL,texte_simple,36,40,1440,1.31,27.6,0.02,0.013888888888888888
Ministère Europe et Affaires étrangères,texte_complexe,486,17,8262,1.4,49.6,1.37,0.16581941418542726
Ministère Europe et Affaires étrangères,texte_complexe,961,46,44206,1.55,35.6,6.81,0.15405148622358955
France Travail,texte_simple,2007,64,128448,1.44,49.3,3.32,0.02584703537618336
DGFiP,texte_complexe,11316,51,577116,1.22,51.1,78.82,0.13657566243181612
Bercy,texte_simple,2532,36,91152,1.42,32.7,1.96,0.021502545199227664
France Services,texte_complexe,646,39,25194,1.4,45.3,3.99,0.1583710407239819
France Travail,texte_complexe,1745,28,48860,1.16,28.1,4.42,0.0904625460499386
France Travail,texte_simple,519,40,20760,1.14,51.8,0.5,0.024084778420038536
DGFiP,texte_complexe,46,72,3312,1.32,50.0,0.48,0.14492753623188406
Justice,image,572,76,43472,1.43,41.0,32.28,0.742546926757453
France Services,texte_complexe,42,39,1638,1.47,39.0,0.2,0.1221001221001221
ANCT,texte_complexe,2883,59,170097,1.37,27.9,17.38,0.10217699312745081
Bercy,image,391,34,13294,1.22,37.0,9.35,0.7033248081841432
ANCT,texte_simple,1477,69,101913,1.52,40.6,2.71,0.026591308272742437
Ministère Europe et Affaires étrangères,texte_simple,763,20,15260,1.35,29.8,0.26,0.01703800786369594
France Services,texte_simple,80,70,5600,1.29,35.4,0.09,0.01607142857142857
Bercy,texte_complexe,113,27,3051,1.57,51.2,0.51,0.1671583087512291
Ministère Europe et Affaires étrangères,raisonnement,588,16,9408,1.57,28.5,10.52,1.1181972789115646
France Travail,texte_complexe,705,10,7050,1.17,31.4,0.78,0.11063829787234042
Ministère Europe et Affaires étrangères,texte_simple,67,6,402,1.21,53.7,0.01,0.024875621890547265
France Travail,texte_complexe,287,58,16646,1.26,43.2,2.31,0.13877207737594618
Bercy,texte_complexe,152,7,1064,1.58,49.8,0.22,0.20676691729323307
France Services,texte_simple,864,17,14688,1.57,51.3,0.47,0.03199891067538126
France Services,texte_simple,65,6,390,1.43,29.6,0.01,0.02564102564102564
DGFiP,texte_complexe,173,15,2595,1.48,43.6,0.39,0.15028901734104047
DREAL,raisonnement,173,77,13321,1.49,33.0,15.7,1.1785901959312364
DREAL,texte_complexe,413,44,18172,1.51,43.5,2.76,0.15188201628879594
Justice,texte_simple,1678,54,90612,1.17,51.6,2.28,0.025162230168189643
Ministère Europe et Affaires étrangères,texte_complexe,713,18,12834,1.19,36.6,1.1,0.0857098332554153
France Services,texte_simple,169,25,4225,1.48,29.1,0.05,0.011834319526627219
DREAL,texte_complexe,1640,57,93480,1.5,53.8,17.93,0.19180573384681215
Justice,texte_simple,1372,25,34300,1.52,27.9,0.5,0.014577259475218658
France Travail,texte_simple,224,56,12544,1.53,36.8,0.3,0.02391581632653061
France Travail,image,2238,64,143232,1.14,33.4,72.64,0.5071492403932082
France Travail,texte_simple,353,79,27887,1.35,36.6,0.6,0.021515401441531898
Ministère Europe et Affaires étrangères,texte_complexe,154,49,7546,1.18,47.1,1.07,0.14179697853167242
Bercy,texte_complexe,1325,55,72875,1.14,25.4,5.93,0.0813722126929674
France Services,texte_complexe,127,15,1905,1.59,53.3,0.31,0.16272965879265092
DGFiP,texte_simple,2388,68,162384,1.31,27.5,2.51,0.015457187900285742
ANCT,raisonnement,1797,29,52113,1.59,45.0,86.17,1.6535221537812061
DGFiP,texte_simple,2958,45,133110,1.58,39.3,3.49,0.026218916685448127
DREAL,raisonnement,153,6,918,1.4,42.5,1.5,1.6339869281045751
DREAL,texte_complexe,80,14,1120,1.27,52.8,0.2,0.17857142857142858
DREAL,texte_simple,1466,26,38116,1.24,52.8,0.79,0.02072620421870081
Justice,texte_simple,639,36,23004,1.26,51.4,0.65,0.028255955486002435
Justice,raisonnement,1417,25,35425,1.59,47.4,61.32,1.7309809456598448
Ministère Europe et Affaires étrangères,image,84,26,2184,1.59,53.1,2.91,1.3324175824175823
France Services,texte_complexe,654,56,36624,1.51,31.4,4.04,0.11031017911751857
DGFiP,texte_simple,93,41,3813,1.4,40.3,0.07,0.01835824809861002
DREAL,texte_simple,1813,12,21756,1.33,25.3,0.3,0.013789299503585218
Bercy,texte_complexe,236,68,16048,1.5,31.1,1.98,0.12337986041874377
France Travail,texte_complexe,772,70,54040,1.28,48.5,9.39,0.173760177646188
Justice,texte_complexe,570,16,9120,1.47,31.1,1.06,0.1162280701754386
France Travail,image,2185,74,161690,1.54,54.9,221.13,1.3676170449625826
Justice,texte_simple,2480,30,74400,1.3,37.4,1.54,0.020698924731182795
ANCT,texte_simple,216,21,4536,1.39,39.4,0.09,0.01984126984126984
Ministère Europe et Affaires étrangères,texte_complexe,290,8,2320,1.13,39.6,0.25,0.10775862068965517
Ministère Europe et Affaires étrangères,image,1296,53,68688,1.42,29.5,40.78,0.5936990449569066
ANCT,texte_simple,1146,35,40110,1.51,40.6,1.07,0.026676639242084268
France Services,texte_simple,137,22,3014,1.29,26.9,0.03,0.009953550099535502
Justice,texte_complexe,86,8,688,1.35,30.3,0.08,0.11627906976744186
DREAL,texte_complexe,230,13,2990,1.58,31.1,0.41,0.13712374581939799
Justice,texte_simple,498,55,27390,1.57,32.8,0.46,0.016794450529390288
Ministère Europe et Affaires étrangères,texte_simple,143,53,7579,1.32,53.1,0.16,0.02111096450719092
Justice,texte_simple,549,39,21411,1.32,46.9,0.51,0.02381953201625333
Ministère Europe et Affaires étrangères,texte_simple,201,61,12261,1.48,44.7,0.31,0.02528341897072017
Justice,texte_simple,1524,14,21336,1.24,47.8,0.47,0.022028496437945258
France Travail,image,137,60,8220,1.12,43.6,5.73,0.6970802919708029
DGFiP,texte_simple,10,11,110,1.14,32.1,0.0,0.0
ANCT,texte_complexe,446,75,33450,1.3,49.8,5.69,0.17010463378176383
ANCT,texte_simple,1327,41,54407,1.38,38.9,1.02,0.018747587626592167
Bercy,raisonnement,117,37,4329,1.36,28.4,4.11,0.9494109494109494
France Travail,texte_complexe,3490,53,184970,1.37,27.5,17.79,0.09617775855544142
Ministère Europe et Affaires étrangères,image,78,26,2028,1.52,45.1,2.04,1.0059171597633136
France Travail,image,4670,44,205480,1.16,35.7,124.31,0.6049737200700798
DGFiP,texte_simple,157,11,1727,1.54,41.3,0.04,0.023161551823972205
Justice,image,46,18,828,1.22,38.5,0.59,0.7125603864734299
France Travail,image,6265,7,43855,1.55,41.2,50.49,1.1512940371679399
Justice,image,120,54,6480,1.15,38.2,3.36,0.5185185185185185
DGFiP,texte_simple,25,45,1125,1.39,44.0,0.03,0.02666666666666667
DREAL,texte_complexe,10,74,740,1.5,34.5,0.11,0.14864864864864866
DGFiP,texte_simple,18315,12,219780,1.55,44.6,6.19,0.028164528164528163
DGFiP,texte_simple,111,5,555,1.31,54.5,0.02,0.036036036036036036
France Services,texte_complexe,724,7,5068,1.36,46.6,0.74,0.14601420678768745
France Travail,texte_simple,626,13,8138,1.51,41.2,0.2,0.024576062914721062
DGFiP,image,55,7,385,1.54,40.8,0.4,1.0389610389610389
ANCT,texte_complexe,172,45,7740,1.47,30.7,0.83,0.10723514211886305
DGFiP,texte_complexe,41,73,2993,1.5,50.3,0.63,0.21049114600735047
DGFiP,texte_complexe,705,70,49350,1.26,25.1,3.59,0.07274569402228977
DREAL,texte_simple,220,76,16720,1.14,27.3,0.22,0.013157894736842105
DGFiP,texte_complexe,22,67,1474,1.13,47.9,0.2,0.13568521031207598
France Services,texte_complexe,1194,10,11940,1.44,41.8,1.92,0.16080402010050251
DGFiP,texte_simple,56,76,4256,1.16,37.4,0.07,0.01644736842105263
DREAL,texte_simple,180,18,3240,1.56,33.4,0.07,0.021604938271604937
ANCT,texte_complexe,1429,49,70021,1.58,46.8,13.58,0.19394181745476358
DGFiP,texte_complexe,10930,18,196740,1.21,28.6,17.93,0.0911355087933313
Justice,texte_simple,23,79,1817,1.14,31.8,0.03,0.01651073197578426
Ministère Europe et Affaires étrangères,texte_complexe,766,45,34470,1.59,43.8,6.54,0.18973020017406442
ANCT,texte_simple,448,73,32704,1.23,31.6,0.57,0.017429060665362036
Justice,texte_simple,1742,69,120198,1.11,45.8,2.56,0.021298191317659195
ANCT,texte_simple,3681,23,84663,1.55,38.3,1.94,0.02291437818173228
ANCT,raisonnement,3457,55,190135,1.22,40.4,227.92,1.1987272201330634
Justice,texte_simple,105,59,6195,1.59,33.1,0.12,0.01937046004842615
Ministère Europe et Affaires étrangères,texte_simple,132,16,2112,1.4,52.2,0.05,0.023674242424242424
DGFiP,texte_simple,48,39,1872,1.32,39.2,0.04,0.021367521367521368
Bercy,texte_complexe,253,53,13409,1.21,36.9,1.39,0.10366171974047282
Ministère Europe et Affaires étrangères,raisonnement,125,45,5625,1.51,40.9,8.51,1.512888888888889
DGFiP,texte_complexe,392,15,5880,1.12,38.5,0.7,0.11904761904761904
DREAL,texte_simple,51,76,3876,1.55,46.4,0.09,0.02321981424148607
Justice,texte_complexe,1954,73,142642,1.1,44.1,15.61,0.10943480882208606
DREAL,texte_complexe,229,72,16488,1.29,38.7,2.18,0.13221737020863658
France Travail,texte_simple,2204,19,41876,1.47,37.4,1.12,0.02674562995510555
France Services,texte_complexe,2354,14,32956,1.35,29.2,2.69,0.08162398349314237
Bercy,texte_complexe,715,31,22165,1.47,40.9,3.54,0.15971125648545004
DGFiP,texte_complexe,31,69,2139,1.14,37.0,0.22,0.10285179990649837
France Services,texte_simple,21,27,567,1.51,27.0,0.01,0.01763668430335097
France Services,texte_complexe,6376,77,490952,1.25,48.7,69.15,0.14084879988267693
Justice,texte_simple,100,48,4800,1.56,37.9,0.09,0.01875
ANCT,image,358,28,10024,1.29,30.0,5.62,0.5606544293695132
France Services,texte_complexe,319,78,24882,1.42,44.1,4.07,0.16357206012378428
DGFiP,texte_simple,776,42,32592,1.52,40.9,0.92,0.028227785959744723
ANCT,texte_simple,387,8,3096,1.18,54.2,0.08,0.025839793281653745
Ministère Europe et Affaires étrangères,texte_simple,915,8,7320,1.15,31.3,0.11,0.015027322404371584
DGFiP,texte_simple,273,34,9282,1.17,50.1,0.26,0.028011204481792718
France Services,raisonnement,1147,72,82584,1.6,41.4,132.19,1.6006732538990605
France Services,texte_simple,343,26,8918,1.37,29.6,0.15,0.016819914779098454
Bercy,texte_complexe,185,55,10175,1.28,49.8,1.51,0.1484029484029484
France Services,texte_simple,313,25,7825,1.58,41.7,0.2,0.025559105431309903
DGFiP,texte_simple,656,55,36080,1.49,47.0,0.97,0.02688470066518847
France Travail,texte_complexe,7639,41,313199,1.47,29.4,37.65,0.12021111178515896
France Services,texte_complexe,40,68,2720,1.4,43.0,0.42,0.15441176470588236
Ministère Europe et Affaires étrangères,texte_complexe,234,60,14040,1.24,51.3,2.29,0.1631054131054131
Justice,raisonnement,414,56,23184,1.53,42.7,40.35,1.740424430641822
France Travail,texte_complexe,22253,27,600831,1.29,40.3,85.56,0.14240277216055763
Bercy,texte_simple,901,55,49555,1.4,42.7,1.22,0.024619110079709412
DREAL,raisonnement,300,49,14700,1.32,50.4,24.08,1.638095238095238
ANCT,texte_simple,77,73,5621,1.36,43.8,0.12,0.02134851449919943
DREAL,texte_complexe,11609,25,290225,1.28,49.1,47.7,0.1643552416228788
ANCT,texte_complexe,3534,39,137826,1.6,45.3,25.32,0.18370989508510732
Bercy,texte_simple,2474,19,47006,1.17,47.6,0.9,0.019146491937199507
France Services,image,528,39,20592,1.41,27.7,12.24,0.5944055944055944
Bercy,texte_complexe,1707,79,134853,1.27,28.3,10.75,0.07971643196665999
Justice,texte_complexe,137,38,5206,1.5,46.2,0.93,0.17864003073376872
Justice,texte_simple,1758,35,61530,1.22,33.4,1.12,0.01820250284414107
ANCT,texte_simple,199,57,11343,1.52,41.5,0.27,0.02380322665961386
Ministère Europe et Affaires étrangères,raisonnement,33,61,2013,1.48,30.6,2.55,1.2667660208643816
DREAL,texte_complexe,10734,76,815784,1.38,44.1,108.1,0.13251056652251086
France Travail,texte_simple,1429,28,40012,1.24,41.9,0.88,0.021993401979406177
Justice,texte_simple,133,35,4655,1.24,29.0,0.08,0.017185821697099892
France Travail,texte_complexe,150,61,9150,1.1,40.3,0.85,0.09289617486338798
France Travail,texte_complexe,1521,54,82134,1.33,35.2,9.81,0.11943896559281175
Justice,texte_complexe,150,69,10350,1.16,41.9,1.22,0.1178743961352657
France Travail,texte_simple,598,17,10166,1.31,36.3,0.19,0.01868975014755066
ANCT,raisonnement,600,33,19800,1.29,44.0,26.46,1.3363636363636364
ANCT,texte_complexe,216,17,3672,1.19,33.4,0.34,0.09259259259259259
DGFiP,raisonnement,82,25,2050,1.34,44.0,3.34,1.6292682926829267
France Services,texte_simple,743,32,23776,1.53,39.3,0.56,0.023553162853297442
ANCT,texte_simple,49,75,3675,1.48,37.5,0.07,0.01904761904761905
France Services,texte_complexe,115,42,4830,1.34,51.4,0.95,0.19668737060041408
Bercy,image,1106,40,44240,1.47,34.5,33.1,0.7481916817359855
Justice,texte_simple,241,69,16629,1.55,33.6,0.42,0.025257081003066933
DGFiP,texte_complexe,872,57,49704,1.23,50.1,8.11,0.16316594237888296
Ministère Europe et Affaires étrangères,texte_simple,525,39,20475,1.35,37.1,0.41,0.020024420024420026
Bercy,raisonnement,1589,29,46081,1.58,40.6,66.89,1.4515744015971876
Ministère Europe et Affaires étrangères,image,31,62,1922,1.53,42.3,1.81,0.9417273673257024
France Travail,image,282,10,2820,1.32,35.0,1.99,0.7056737588652482
Bercy,image,15,16,240,1.1,34.0,0.13,0.5416666666666666
Justice,texte_complexe,687,36,24732,1.55,48.5,5.01,0.20257156720038816
Bercy,texte_simple,198,71,14058,1.46,53.1,0.42,0.02987622705932565
France Travail,texte_complexe,309,8,2472,1.58,53.3,0.61,0.24676375404530745
France Services,texte_complexe,2801,36,100836,1.14,36.0,11.75,0.11652584394462295
DGFiP,texte_complexe,1407,29,40803,1.49,42.3,6.59,0.16150773227458765
DGFiP,raisonnement,1564,32,50048,1.42,49.3,88.12,1.7607097186700766
DREAL,raisonnement,271,51,13821,1.13,45.7,14.57,1.0541928948701251
France Travail,texte_simple,78,54,4212,1.25,47.8,0.1,0.023741690408357077
ANCT,texte_complexe,182,42,7644,1.56,47.8,1.45,0.18969126111983256
Ministère Europe et Affaires étrangères,texte_complexe,173,10,1730,1.32,31.3,0.18,0.10404624277456648
DGFiP,texte_complexe,11,74,814,1.15,44.1,0.11,0.13513513513513514
Justice,raisonnement,36,22,792,1.4,27.2,0.78,0.9848484848484849
Ministère Europe et Affaires étrangères,texte_simple,117,21,2457,1.58,40.6,0.07,0.02849002849002849
France Travail,raisonnement,1948,69,134412,1.33,48.4,209.44,1.5581942088504002
Justice,texte_complexe,399,13,5187,1.52,48.5,1.11,0.21399652978600348
Justice,raisonnement,1035,46,47610,1.26,50.4,65.99,1.386053350136526
ANCT,image,113,71,8023,1.55,25.0,4.28,0.5334662844322573
Justice,texte_simple,1231,5,6155,1.12,47.8,0.13,0.021121039805036556
Bercy,texte_complexe,355,21,7455,1.49,32.5,0.84,0.11267605633802817
Justice,texte_complexe,2184,5,10920,1.2,52.5,1.67,0.15293040293040294
Justice,texte_simple,837,9,7533,1.12,30.3,0.11,0.014602416036107792
France Travail,texte_complexe,233,15,3495,1.38,37.8,0.39,0.11158798283261803
Justice,image,104,51,5304,1.55,50.4,5.39,1.0162141779788838
France Services,texte_complexe,333,19,6327,1.37,31.1,0.77,0.12170064801643748
ANCT,texte_simple,1525,32,48800,1.42,35.9,0.96,0.019672131147540985
France Travail,raisonnement,10,28,280,1.51,26.4,0.29,1.0357142857142858
Justice,texte_complexe,1119,71,79449,1.36,38.9,11.76,0.14801948419740965
France Services,texte_simple,189,57,10773,1.48,25.0,0.16,0.01485194467650608
Bercy,texte_simple,3134,44,137896,1.21,34.1,2.09,0.015156349712827057
France Services,texte_complexe,165,40,6600,1.47,50.5,1.1,0.16666666666666666
DREAL,texte_complexe,112,61,6832,1.29,52.1,1.04,0.1522248243559719
Ministère Europe et Affaires étrangères,texte_complexe,1162,58,67396,1.4,44.8,9.78,0.14511246958276455
DGFiP,texte_complexe,492,15,7380,1.41,39.5,0.85,0.11517615176151762
Bercy,texte_complexe,1954,25,48850,1.38,48.4,7.35,0.150460593654043
DREAL,texte_complexe,1002,70,70140,1.45,46.4,11.58,0.165098374679213
DGFiP,image,215,38,8170,1.5,30.9,6.22,0.7613219094247246
France Services,texte_simple,98,67,6566,1.48,45.1,0.19,0.028936947913493757
France Services,raisonnement,11,19,209,1.35,36.6,0.26,1.244019138755981
Justice,texte_simple,368,8,2944,1.38,40.0,0.07,0.02377717391304348
Ministère Europe et Affaires étrangères,texte_complexe,6178,10,61780,1.16,53.8,9.68,0.15668501133052767
Ministère Europe et Affaires étrangères,texte_complexe,90,78,7020,1.5,45.3,1.16,0.16524216524216523
Justice,texte_simple,709,76,53884,1.23,43.7,1.25,0.02319798084774701
DGFiP,image,420,76,31920,1.13,41.5,22.68,0.7105263157894737
Ministère Europe et Affaires étrangères,texte_simple,232,10,2320,1.27,47.0,0.05,0.021551724137931036
Ministère Europe et Affaires étrangères,texte_complexe,135,54,7290,1.32,45.6,0.96,0.13168724279835392
France Services,texte_simple,189,37,6993,1.42,45.1,0.16,0.02288002288002288
DREAL,texte_simple,1104,24,26496,1.24,33.3,0.47,0.017738526570048308
France Travail,raisonnement,387,78,30186,1.19,54.1,47.28,1.5662890081494734
France Services,raisonnement,54,45,2430,1.2,40.6,3.03,1.2469135802469136
DREAL,texte_simple,355,6,2130,1.24,44.7,0.04,0.018779342723004695
Ministère Europe et Affaires étrangères,texte_simple,68,24,1632,1.25,27.8,0.02,0.012254901960784314
Justice,texte_complexe,479,57,27303,1.11,54.0,3.73,0.13661502399003772
DREAL,texte_complexe,7502,74,555148,1.26,33.1,54.65,0.09844221721054566
Justice,texte_simple,10229,63,644427,1.47,51.5,17.6,0.02731108411038023
DGFiP,image,46,32,1472,1.41,36.6,1.3,0.8831521739130435
DREAL,texte_simple,951,40,38040,1.46,43.5,0.96,0.025236593059936908
ANCT,texte_complexe,389,39,15171,1.55,27.5,1.59,0.10480522048645442
Bercy,texte_complexe,209,77,16093,1.32,54.9,2.45,0.15224010439321445
Justice,texte_complexe,58,44,2552,1.43,49.6,0.48,0.18808777429467086
DREAL,texte_complexe,141,52,7332,1.56,35.6,0.93,0.12684124386252046
France Travail,texte_complexe,4548,52,236496,1.27,51.5,42.53,0.17983390839591368
DREAL,image,452,50,22600,1.3,40.4,19.12,0.8460176991150442
DREAL,texte_complexe,128,77,9856,1.2,49.0,1.46,0.1481331168831169
DREAL,texte_simple,1360,13,17680,1.12,48.6,0.37,0.02092760180995475
France Travail,texte_complexe,1402,44,61688,1.32,44.5,8.14,0.1319543509272468
France Services,image,405,15,6075,1.4,31.0,2.88,0.4740740740740741
Ministère Europe et Affaires étrangères,texte_complexe,395,72,28440,1.21,33.4,2.67,0.0938818565400844
DGFiP,texte_complexe,61,42,2562,1.16,40.5,0.32,0.1249024199843872
Bercy,texte_simple,1320,51,67320,1.44,28.3,1.14,0.01693404634581105
France Services,texte_simple,345,27,9315,1.23,47.3,0.24,0.02576489533011272
France Travail,image,148,36,5328,1.5,48.6,6.42,1.204954954954955
Ministère Europe et Affaires étrangères,texte_simple,1166,65,75790,1.3,41.6,1.64,0.021638738619870694
DGFiP,texte_simple,3538,71,251198,1.31,25.4,3.38,0.013455521142684257
Bercy,texte_simple,91,50,4550,1.29,39.7,0.09,0.01978021978021978
France Services,texte_simple,477,26,12402,1.37,35.4,0.28,0.02257700370907918
Ministère Europe et Affaires étrangères,texte_simple,264,14,3696,1.42,42.5,0.09,0.024350649350649352
France Travail,texte_complexe,48,51,2448,1.3,32.0,0.26,0.10620915032679738
DREAL,texte_complexe,594,13,7722,1.31,37.9,0.96,0.12432012432012432
DGFiP,texte_complexe,3769,33,124377,1.35,37.4,14.89,0.11971666787267743
Ministère Europe et Affaires étrangères,texte_complexe,378,65,24570,1.27,29.3,2.73,0.1111111111111111
France Travail,texte_complexe,624,71,44304,1.2,40.2,5.11,0.11533947273383893
France Services,image,1884,7,13188,1.38,43.9,12.36,0.9372156505914467
ANCT,texte_complexe,681,77,52437,1.37,50.1,9.52,0.1815511947670538
Bercy,image,240,75,18000,1.33,30.5,10.65,0.5916666666666667
France Travail,texte_complexe,247,50,12350,1.29,49.1,1.96,0.15870445344129555
DGFiP,texte_simple,54,40,2160,1.52,41.4,0.05,0.023148148148148147
Bercy,texte_simple,2440,24,58560,1.6,41.8,1.49,0.025443989071038252
France Services,texte_complexe,505,44,22220,1.13,36.1,2.21,0.09945994599459947
DGFiP,texte_simple,331,34,11254,1.21,44.9,0.23,0.02043717789230496
Bercy,texte_simple,128,52,6656,1.13,48.0,0.14,0.021033653846153848
France Travail,texte_complexe,15,62,930,1.48,25.4,0.09,0.0967741935483871
DGFiP,texte_complexe,136,13,1768,1.27,36.7,0.22,0.1244343891402715
France Travail,raisonnement,908,68,61744,1.49,50.6,133.16,2.156646799689039
France Services,texte_complexe,351,17,5967,1.46,36.6,0.7,0.11731188201776437
ANCT,texte_simple,129,14,1806,1.35,30.6,0.03,0.016611295681063124
Bercy,texte_complexe,314,27,8478,1.43,48.9,1.32,0.15569709837225762
ANCT,texte_complexe,10743,71,762753,1.42,34.7,98.96,0.1297405582147825
France Services,image,28,31,868,1.4,32.9,0.58,0.6682027649769585
DREAL,image,319,74,23606,1.49,48.2,28.76,1.2183343217825977
Justice,texte_simple,202,67,13534,1.23,37.5,0.25,0.01847199645337668
ANCT,texte_simple,179,54,9666,1.49,37.9,0.22,0.02276019035795572
Ministère Europe et Affaires étrangères,image,1103,22,24266,1.52,32.5,17.45,0.7191131624495178
Ministère Europe et Affaires étrangères,texte_complexe,995,71,70645,1.6,32.2,10.05,0.14226059876849034
DREAL,texte_simple,522,79,41238,1.28,48.5,1.01,0.024491973422571416
DGFiP,texte_simple,283,42,11886,1.11,52.5,0.27,0.02271580010095911
Bercy,image,2012,73,146876,1.53,42.6,172.61,1.175209019853482
Bercy,texte_simple,3038,70,212660,1.45,36.7,4.89,0.022994451236715886
Justice,texte_complexe,251,59,14809,1.41,44.0,2.52,0.17016679046525762
France Services,raisonnement,1030,29,29870,1.35,53.5,58.7,1.9651824573150318
